Top Designator,Bottom Designator,Comment,Footprint,JLCPCB Part #,Matches,Part # ,Manufacturer,Footprint,Description,Category,Warning,JLCPCB Part #,Product link,Lib Type,Qty,Source,Total Price ($)
C5,,22uF,C0805,,Select by Customer,CL21A226MAQNNNE,Samsung Electro-Mechanics,0805,22uF 25V X5R ±20% 0805 Multilayer Ceramic Capacitors MLCC - SMD/SMT ROHS,Multilayer Ceramic Capacitors MLCC - SMD/SMT,,C45783,https://jlcpcb.com/partdetail/46786-CL21A226MAQNNNE/C45783,Basic,2,2 JLCPCB,0.2348
"C6,C9,C10,C11,C12",,100nF,C0402,,Select by Customer,CL05B104KO5NNNC,Samsung Electro-Mechanics,0402,100nF 16V X7R ±10% 0402 Multilayer Ceramic Capacitors MLCC - SMD/SMT ROHS,Multilayer Ceramic Capacitors MLCC - SMD/SMT,,C1525,https://jlcpcb.com/partdetail/1877-CL05B104KO5NNNC/C1525,Basic,10,10 JLCPCB,0.031
"C7,C8",,10uF,C0805,,Select by Customer,CL21A106KAYNNNE,Samsung Electro-Mechanics,0805,10uF 25V X5R ±10% 0805 Multilayer Ceramic Capacitors MLCC - SMD/SMT ROHS,Multilayer Ceramic Capacitors MLCC - SMD/SMT,,C15850,https://jlcpcb.com/partdetail/16532-CL21A106KAYNNNE/C15850,Basic,6,6 JLCPCB,0.4596
U18,,10uF,C0805,,Select by Customer,CL21A106KAYNNNE,Samsung Electro-Mechanics,0805,10uF 25V X5R ±10% 0805 Multilayer Ceramic Capacitors MLCC - SMD/SMT ROHS,Multilayer Ceramic Capacitors MLCC - SMD/SMT,,C15850,https://jlcpcb.com/partdetail/16532-CL21A106KAYNNNE/C15850,Basic,6,6 JLCPCB,0.4596
"LED1,LED2",,17-21SURC/S530-A3/TR8,LED0805-R-RD,,Select by Customer,KT-0603R,Hubei KENTO Elec,0603,-40?~+85? 1.8V~2.4V 120° 20mA 300mcd 40mW 615nm~630nm 645nm Discrete Diode Red Water Clear 0603 LED Indication - Discrete ROHS,LED Indication - Discrete,,C2286,https://jlcpcb.com/partdetail/Hubei_KENTOElec-KT0603R/C2286,Basic,4,4 JLCPCB,0.0288
"R1,R4",,330?,R0805,,Select by Customer,0805W8F3300T5E,UNI-ROYAL(Uniroyal Elec),0805,-55?~+155? 125mW 150V 330? Thick Film Resistor ±1% ±100ppm/? 0805 Chip Resistor - Surface Mount ROHS,Chip Resistor - Surface Mount,,C17630,https://jlcpcb.com/partdetail/18318-0805W8F3300T5E/C17630,Basic,4,4 JLCPCB,0.0112
"R2,R3,R6",,10k?,R0805,,Select by Customer,0805W8F1002T5E,UNI-ROYAL(Uniroyal Elec),0805,-55?~+155? 10k? 125mW 150V Thick Film Resistor ±1% ±100ppm/? 0805 Chip Resistor - Surface Mount ROHS,Chip Resistor - Surface Mount,,C17414,https://jlcpcb.com/partdetail/18102-0805W8F1002T5E/C17414,Basic,6,6 JLCPCB,0.0204
"R7,R8",,5.1k?,R0805,,Select by System,0805W8F5101T5E,UNI-ROYAL(Uniroyal Elec),0805,-55?~+155? 125mW 150V 5.1k? Thick Film Resistor ±1% ±100ppm/? 0805 Chip Resistor - Surface Mount ROHS,Chip Resistor - Surface Mount,,C27834,https://jlcpcb.com/partdetail/28584-0805W8F5101T5E/C27834,Basic,4,4 JLCPCB,0.0112
"SW2,SW3",,button,SW-SMD_L3.9-W3.0-P4.45,,Select by System,TS-1088-AR02016,XUNPU,"SMD,4x3mm","-30?~+80? 1.6N 100,000 cycles 12V 2mm 3mm 4mm 50mA Black Round Button SMD(SMT) Tab SPST Surface Mount,Vertical Without Bracket SMD,4x3mm Tactile Switches ROHS",Tactile Switches,,C720477,https://jlcpcb.com/partdetail/XUNPU-TS_1088AR02016/C720477,Basic,4,4 JLCPCB,0.2208
U5,,XT60-F,CONN-TH_XT60PB-F,,Select by System,XT60-F,Changzhou Amass Elec,-,-?Banana Connector Female Gold Plated Yellow - Power connector / plug connector,Plug,,C98734,https://jlcpcb.com/partdetail/Changzhou_AmassElec-XT60F/C98734,Extended,0,0 JLCPCB,0
U7,,ICM-42688-P,LGA-14_L3.0-W2.5-P0.50-TL,,Select by Customer,ICM-42688-P(TOKMAS),Tokmas,LGA-14(2.5x3),LGA-14(2.5x3) Accelerometers ROHS,,,C54308212,https://jlcpcb.com/partdetail/Tokmas-ICM_42688_P_TOKMAS/C54308212,Extended,2,2 JLCPCB,6.0876
U13,,2.2uH,IND-SMD_L4.5-W4.0_SLF0403-1,,Select by System,CY43-2.2UH,SHOU HAN,"SMD,4.5x4mm","2.2uH 2.3A 42m? Surface-mounted T-shaped inductor ±20% SMD,4.5x4mm Inductors (SMD) ROHS",Inductors (SMD),,C2929416,https://jlcpcb.com/partdetail/SHOUHAN-CY43_22UH/C2929416,Extended,20,20 JLCPCB,0.748
U14,,AP63205WU-7,TSOT-23-6_L2.9-W1.6-P0.95-LS2.8-BL,,Select by Customer,AP63205WU-7,Diodes Incorporated,TSOT-23-6,-40?~+85?@(TA) 1 1.1MHz 22uA 2A 3.8V~32V 5V Buck Buck Built-in Fixed Yes TSOT-23-6 DC-DC Converters ROHS,DC-DC Converters,,C2071056,https://jlcpcb.com/partdetail/DiodesIncorporated-AP63205WU7/C2071056,Extended,2,2 JLCPCB,0.8734
U15,,AMS1117-3.3,TO-252-2_L6.6-W5.6-P2.3-LS9.7,,Select by Customer,AMS1117-3.3,Advanced Monolithic Systems,SOT-223,"-40?~+125? 0.003%Vout 1 1.1V@(800mA) 15V 1A 3.3V 5mA 72dB@(120Hz) Fixed Over Current Protection?Short Circuit Protection?Thermal shutdown Positive SOT-223 Voltage Regulators - Linear, Low Drop Out (LDO) Regulators ROHS","Voltage Regulators - Linear, Low Drop Out (LDO) Regulators",,C6186,https://jlcpcb.com/partdetail/Advanced_MonolithicSystems-AMS1117_33/C6186,Basic,2,2 JLCPCB,0.394
U16,,CH340C,SOP-16_L10.0-W3.9-P1.27-LS6.0-BL,,Select by Customer,CH340C,WCH(Jiangsu Qin Heng),SOP-16,SOP-16 USB Converters ROHS,USB Converters,,C7464026,https://jlcpcb.com/partdetail/WCH_Jiangsu_Qin_Heng-CH340C/C7464026,Extended,2,2 JLCPCB,1.2536
U17,,2.4GHz,WIFI-SMD_ESP32-WROOM-32E,,Select by System,ESP32-WROOM-32E-N8,Espressif Systems,"SMD,25.5x18mm","-40?~+85? -98dBm 112mA 2.4GHz 20dBm 239mA 3V~3.6V Bluetooth4.2 ESP32-DOWD-V3 On-board PCB Antenna UART?SDIO?SPI?I2C?GPIO?PWM?I2S SMD,25.5x18mm WiFi Modules ROHS",WiFi Modules,,C701342,https://jlcpcb.com/partdetail/EspressifSystems-ESP32_WROOM_32EN8/C701342,Extended,2,2 JLCPCB,8.7592
USB1,,TYPE-C-16PIN,USB-C-SMD_TYPE-C16PIN-SHOUHAN,,Select by System,TYPE-C-16PIN,JXTCONN,SMD,SMD USB Connectors ROHS,,,C53207801,https://jlcpcb.com/partdetail/JXTCONN-TYPE_C16PIN/C53207801,Extended,2,2 JLCPCB,0.2164
"U8,U9,U10,U12",,CON3-2.54,HDR-TH_3P-P2.54-V-M-1,,Select by System,CON3-2.54,JLCPCB Assembly,HDR-TH_40P-P2.54-V-M-L101.6-W2.5,HDR-TH_40P-P2.54-V-M-L101.6-W2.5 SMT ROHS,,,C9900003715,https://jlcpcb.com/partdetail/JLCPCBAssembly-CON3_254/C9900003715,Extended,11,0 JLCPCB,0
,,,,,,,,,,,,,,,,,
,,,,,,,,,,,,,,,,,
,,,,,,,,,,,,,,,,,
,,,,,,,,,,,,,,,,,
,,,Total Price: 19.8096$,,,,,,,,,,,,,,
